<?xml version="1.0" encoding="UTF-8"?>
<feature
      id="org.eclipse.example.e4.feature"
      label="Feature"
      version="1.0.0.qualifier">

   <description url="http://www.example.com/description">
      [Enter Feature Description here.]
   </description>

   <copyright url="http://www.example.com/copyright">
      [Enter Copyright Description here.]
   </copyright>

   <license url="http://www.example.com/license">
      [Enter License Description here.]
   </license>

   <requires>
      <import feature="org.eclipse.emf.common.ui" version="2.7.0.v20120917-0436"/>
      <import feature="org.eclipse.emf.edit" version="2.8.0.v20120917-0436"/>
      <import feature="org.eclipse.emf.edit.ui" version="2.8.0.v20120917-0436"/>
   </requires>

   <plugin
         id="org.eclipse.example.e4"
         download-size="0"
         install-size="0"
         version="0.0.0"
         unpack="false"/>

   <plugin
         id="org.eclipse.example.e4.model"
         download-size="0"
         install-size="0"
         version="0.0.0"
         unpack="false"/>

   <plugin
         id="org.eclipse.example.e4.model.edit"
         download-size="0"
         install-size="0"
         version="0.0.0"
         unpack="false"/>

   <plugin
         id="org.eclipse.example.service"
         download-size="0"
         install-size="0"
         version="0.0.0"
         unpack="false"/>



   <plugin
         id="org.eclipse.ui.workbench"
         download-size="0"
         install-size="0"
         version="0.0.0"
         unpack="false"/>

   <plugin
         id="org.eclipse.ui"
         download-size="0"
         install-size="0"
         version="0.0.0"
         unpack="false"/>

   <plugin
         id="org.eclipse.ui.views"
         download-size="0"
         install-size="0"
         version="0.0.0"
         unpack="false"/>

   <plugin
         id="org.eclipse.help"
         download-size="0"
         install-size="0"
         version="0.0.0"
         unpack="false"/>

</feature>
